race,count_hashtag,count_all,percent
Asian,1,143,0.6993006993006993
Black,3,280,1.0714285714285714
Two or more races,3,69,4.3478260869565215
White,21,2581,0.8136381247578458