race,count_hashtag,count_all,population_error,percent
Asian,1,143,0.08362420100070908,0.6993006993006993
Black,3,280,0.05976143046671968,1.0714285714285714
Two or more races,3,69,0.1203858530857692,4.3478260869565215
White,21,2581,0.019683666479473904,0.8136381247578458
