race,count_hashtag,count_all,population_error,percent
Asian,6,143,0.08362420100070908,4.195804195804196
Black,10,280,0.05976143046671968,3.571428571428571
Hispanic or Latino,6,153,0.08084520834544433,3.9215686274509802
Middle Eastern,1,10,0.31622776601683794,10.0
Other,4,29,0.18569533817705186,13.793103448275861
Two or more races,9,69,0.1203858530857692,13.043478260869565
White,136,2581,0.019683666479473904,5.26927547462224
