vote_2020,count_hashtag,count_all,percent
Voted Biden,13,2044,0.6360078277886496
Voted Trump,17,914,1.8599562363238513
Voted Other,0,99,0
Did Not Vote,3,232,1.2931034483